<?xml version="1.0" encoding="UTF-8"?>
<Module>
	<Setting>
		<Params>entity,model,module,folder</Params>
		<WrapperAhead>#{</WrapperAhead>
		<WrapperBehind>}</WrapperBehind>
	</Setting>
		<Folder parent="#{folder}/src/main/java/com/newideal/booksharing/#{module}/" name="controller">
		<File name="EasyUi#{model}Controller.java" template="controller.java"></File>
		</Folder>
   
     <Folder parent="#{folder}/src/main/java/com/newideal/booksharing/#{module}/" name="service">
		<File name="#{model}Service.java" template="service.java"></File>
		<File name="#{model}ServiceImpl.java" template="serviceimpl.java"></File>
	  </Folder>
</Module>